Date,Test,Analyser,Material,Sample ID,Allo,Iso,Leu,Val
27/11/2018,Intra_Batch_Imprecision,Sciex_Gromit,QC1,BCAA_QC1,103,65,149,241
28/11/2018,Intra_Batch_Imprecision,Sciex_Gromit,QC1,BCAA_QC1,100,63,143,231
29/11/2018,Intra_Batch_Imprecision,Sciex_Gromit,QC1,BCAA_QC1,95,59,136,216
30/11/2018,Intra_Batch_Imprecision,Sciex_Gromit,QC1,BCAA_QC1,98,63,142,228
01/12/2018,Intra_Batch_Imprecision,Sciex_Gromit,QC1,BCAA_QC1,93,59,135,216
02/12/2018,Intra_Batch_Imprecision,Sciex_Gromit,QC1,BCAA_QC1,90,58,131,210
03/12/2018,Intra_Batch_Imprecision,Sciex_Gromit,QC1,BCAA_QC1,98,62,138,220
04/12/2018,Intra_Batch_Imprecision,Sciex_Gromit,QC1,BCAA_QC1,93,58,129,210
05/12/2018,Intra_Batch_Imprecision,Sciex_Gromit,QC1,BCAA_QC1,96,58,132,209
06/12/2018,Intra_Batch_Imprecision,Sciex_Gromit,QC1,BCAA_QC1,98,60,137,217
07/12/2018,Intra_Batch_Imprecision,Sciex_Gromit,QC1,BCAA_QC1,94,60,137,219
08/12/2018,Intra_Batch_Imprecision,Sciex_Gromit,QC1,BCAA_QC1,94,59,133,215
09/12/2018,Intra_Batch_Imprecision,Sciex_Gromit,QC1,BCAA_QC1,98,60,136,219
10/12/2018,Intra_Batch_Imprecision,Sciex_Gromit,QC1,BCAA_QC1,96,61,138,219
11/12/2018,Intra_Batch_Imprecision,Sciex_Gromit,QC1,BCAA_QC1,98,61,136,222
12/11/2018,Intra_Batch_Imprecision,Sciex_Gromit,QC1,BCAA_QC1,97,65,143,234
27/11/2018,Intra_Batch_Imprecision,Sciex_Gromit,QC2,BCAA_QC2,163,561,568,548
28/11/2018,Intra_Batch_Imprecision,Sciex_Gromit,QC2,BCAA_QC2,157,541,555,528
29/11/2018,Intra_Batch_Imprecision,Sciex_Gromit,QC2,BCAA_QC2,162,560,568,539
30/11/2018,Intra_Batch_Imprecision,Sciex_Gromit,QC2,BCAA_QC2,160,562,570,548
01/12/2018,Intra_Batch_Imprecision,Sciex_Gromit,QC2,BCAA_QC2,164,551,559,537
02/12/2018,Intra_Batch_Imprecision,Sciex_Gromit,QC2,BCAA_QC2,161,554,559,538
03/12/2018,Intra_Batch_Imprecision,Sciex_Gromit,QC2,BCAA_QC2,161,543,538,520
04/12/2018,Intra_Batch_Imprecision,Sciex_Gromit,QC2,BCAA_QC2,157,535,547,525
05/12/2018,Intra_Batch_Imprecision,Sciex_Gromit,QC2,BCAA_QC2,157,533,539,506
06/12/2018,Intra_Batch_Imprecision,Sciex_Gromit,QC2,BCAA_QC2,161,547,552,526
07/12/2018,Intra_Batch_Imprecision,Sciex_Gromit,QC2,BCAA_QC2,160,559,569,547
08/12/2018,Intra_Batch_Imprecision,Sciex_Gromit,QC2,BCAA_QC2,169,577,586,560
09/12/2018,Intra_Batch_Imprecision,Sciex_Gromit,QC2,BCAA_QC2,155,527,539,521
10/12/2018,Intra_Batch_Imprecision,Sciex_Gromit,QC2,BCAA_QC2,155,525,533,506
11/12/2018,Intra_Batch_Imprecision,Sciex_Gromit,QC2,BCAA_QC2,153,525,529,525
12/11/2018,Intra_Batch_Imprecision,Sciex_Gromit,QC2,BCAA_QC2,157,554,569,549
27/11/2018,Intra_Batch_Imprecision,Sciex_Gromit,QC3,BCAA_QC3,324,1074,1051,1069
28/11/2018,Intra_Batch_Imprecision,Sciex_Gromit,QC3,BCAA_QC3,339,1098,1074,1077
29/11/2018,Intra_Batch_Imprecision,Sciex_Gromit,QC3,BCAA_QC3,359,1131,1103,1132
30/11/2018,Intra_Batch_Imprecision,Sciex_Gromit,QC3,BCAA_QC3,349,1142,1105,1101
01/12/2018,Intra_Batch_Imprecision,Sciex_Gromit,QC3,BCAA_QC3,336,1093,1058,1064
02/12/2018,Intra_Batch_Imprecision,Sciex_Gromit,QC3,BCAA_QC3,337,1092,1054,1076
03/12/2018,Intra_Batch_Imprecision,Sciex_Gromit,QC3,BCAA_QC3,332,1061,1040,1036
04/12/2018,Intra_Batch_Imprecision,Sciex_Gromit,QC3,BCAA_QC3,332,1063,1035,1036
05/12/2018,Intra_Batch_Imprecision,Sciex_Gromit,QC3,BCAA_QC3,337,1084,1054,1065
06/12/2018,Intra_Batch_Imprecision,Sciex_Gromit,QC3,BCAA_QC3,347,1126,1091,1099
07/12/2018,Intra_Batch_Imprecision,Sciex_Gromit,QC3,BCAA_QC3,332,1070,1041,1049
08/12/2018,Intra_Batch_Imprecision,Sciex_Gromit,QC3,BCAA_QC3,331,1132,1084,1115
09/12/2018,Intra_Batch_Imprecision,Sciex_Gromit,QC3,BCAA_QC3,344,1095,1074,1058
10/12/2018,Intra_Batch_Imprecision,Sciex_Gromit,QC3,BCAA_QC3,349,1085,1069,1078
11/12/2018,Intra_Batch_Imprecision,Sciex_Gromit,QC3,BCAA_QC3,348,1127,1093,1117
12/11/2018,Intra_Batch_Imprecision,Sciex_Gromit,QC3,BCAA_QC3,344,1109,1076,1079
27/11/2018,Intra_Well_Imprecision,Sciex_Gromit,QC1,BCAA_QC1,106,66,146,232
28/11/2018,Intra_Well_Imprecision,Sciex_Gromit,QC1,BCAA_QC1,101,70,142,230
29/11/2018,Intra_Well_Imprecision,Sciex_Gromit,QC1,BCAA_QC1,103,67,142,231
30/11/2018,Intra_Well_Imprecision,Sciex_Gromit,QC1,BCAA_QC1,105,69,143,231
01/12/2018,Intra_Well_Imprecision,Sciex_Gromit,QC1,BCAA_QC1,104,68,144,234
02/12/2018,Intra_Well_Imprecision,Sciex_Gromit,QC1,BCAA_QC1,103,67,144,229
03/12/2018,Intra_Well_Imprecision,Sciex_Gromit,QC1,BCAA_QC1,106,67,144,233
04/12/2018,Intra_Well_Imprecision,Sciex_Gromit,QC1,BCAA_QC1,106,67,145,229
05/12/2018,Intra_Well_Imprecision,Sciex_Gromit,QC1,BCAA_QC1,104,68,146,228
06/12/2018,Intra_Well_Imprecision,Sciex_Gromit,QC1,BCAA_QC1,107,67,146,225
07/12/2018,Intra_Well_Imprecision,Sciex_Gromit,QC1,BCAA_QC1,106,69,143,230
08/12/2018,Intra_Well_Imprecision,Sciex_Gromit,QC1,BCAA_QC1,107,66,144,230
09/12/2018,Intra_Well_Imprecision,Sciex_Gromit,QC1,BCAA_QC1,107,68,144,228
10/12/2018,Intra_Well_Imprecision,Sciex_Gromit,QC1,BCAA_QC1,106,67,144,231
11/12/2018,Intra_Well_Imprecision,Sciex_Gromit,QC1,BCAA_QC1,105,66,144,227
27/11/2018,Intra_Well_Imprecision,Sciex_Gromit,QC2,BCAA_QC2,177,595,580,553
28/11/2018,Intra_Well_Imprecision,Sciex_Gromit,QC2,BCAA_QC2,180,582,580,547
29/11/2018,Intra_Well_Imprecision,Sciex_Gromit,QC2,BCAA_QC2,181,568,581,548
30/11/2018,Intra_Well_Imprecision,Sciex_Gromit,QC2,BCAA_QC2,181,588,582,558
01/12/2018,Intra_Well_Imprecision,Sciex_Gromit,QC2,BCAA_QC2,177,583,573,558
02/12/2018,Intra_Well_Imprecision,Sciex_Gromit,QC2,BCAA_QC2,178,594,568,544
03/12/2018,Intra_Well_Imprecision,Sciex_Gromit,QC2,BCAA_QC2,179,573,580,551
04/12/2018,Intra_Well_Imprecision,Sciex_Gromit,QC2,BCAA_QC2,178,574,581,554
05/12/2018,Intra_Well_Imprecision,Sciex_Gromit,QC2,BCAA_QC2,177,596,578,544
06/12/2018,Intra_Well_Imprecision,Sciex_Gromit,QC2,BCAA_QC2,175,591,577,558
07/12/2018,Intra_Well_Imprecision,Sciex_Gromit,QC2,BCAA_QC2,175,595,571,550
08/12/2018,Intra_Well_Imprecision,Sciex_Gromit,QC2,BCAA_QC2,178,579,577,547
09/12/2018,Intra_Well_Imprecision,Sciex_Gromit,QC2,BCAA_QC2,179,580,568,544
10/12/2018,Intra_Well_Imprecision,Sciex_Gromit,QC2,BCAA_QC2,179,581,579,548
11/12/2018,Intra_Well_Imprecision,Sciex_Gromit,QC2,BCAA_QC2,179,575,578,545
27/11/2018,Intra_Well_Imprecision,Sciex_Gromit,QC3,BCAA_QC3,374,1133,1090,1091
28/11/2018,Intra_Well_Imprecision,Sciex_Gromit,QC3,BCAA_QC3,371,1163,1090,1087
29/11/2018,Intra_Well_Imprecision,Sciex_Gromit,QC3,BCAA_QC3,362,1112,1080,1090
30/11/2018,Intra_Well_Imprecision,Sciex_Gromit,QC3,BCAA_QC3,378,1143,1094,1090
01/12/2018,Intra_Well_Imprecision,Sciex_Gromit,QC3,BCAA_QC3,369,1125,1100,1096
02/12/2018,Intra_Well_Imprecision,Sciex_Gromit,QC3,BCAA_QC3,362,1119,1098,1088
03/12/2018,Intra_Well_Imprecision,Sciex_Gromit,QC3,BCAA_QC3,361,1126,1088,1087
04/12/2018,Intra_Well_Imprecision,Sciex_Gromit,QC3,BCAA_QC3,360,1121,1066,1098
05/12/2018,Intra_Well_Imprecision,Sciex_Gromit,QC3,BCAA_QC3,370,1124,1083,1089
06/12/2018,Intra_Well_Imprecision,Sciex_Gromit,QC3,BCAA_QC3,361,1101,1086,1092
07/12/2018,Intra_Well_Imprecision,Sciex_Gromit,QC3,BCAA_QC3,367,1136,1086,1096
08/12/2018,Intra_Well_Imprecision,Sciex_Gromit,QC3,BCAA_QC3,360,1121,1092,1090
09/12/2018,Intra_Well_Imprecision,Sciex_Gromit,QC3,BCAA_QC3,363,1120,1094,1101
10/12/2018,Intra_Well_Imprecision,Sciex_Gromit,QC3,BCAA_QC3,370,1111,1086,1084
11/12/2018,Intra_Well_Imprecision,Sciex_Gromit,QC3,BCAA_QC3,369,1118,1088,1077
12/11/2018,Inter_Batch_Imprecision,Sciex_Gromit,QC1,BCAA_QC1,103,65,149,241
27/11/2018,Inter_Batch_Imprecision,Sciex_Gromit,QC1,BCAA_QC1,100,63,143,231
28/11/2018,Inter_Batch_Imprecision,Sciex_Gromit,QC1,BCAA_QC1,95,59,136,216
29/11/2018,Inter_Batch_Imprecision,Sciex_Gromit,QC1,BCAA_QC1,107,67,146,233
30/11/2018,Inter_Batch_Imprecision,Sciex_Gromit,QC1,BCAA_QC1,110,71,158,244
01/12/2018,Inter_Batch_Imprecision,Sciex_Gromit,QC1,BCAA_QC1,99,61,134,215
02/12/2018,Inter_Batch_Imprecision,Sciex_Gromit,QC1,BCAA_QC1,109,62,143,234
03/12/2018,Inter_Batch_Imprecision,Sciex_Gromit,QC1,BCAA_QC1,99,62,134,215
04/12/2018,Inter_Batch_Imprecision,Sciex_Gromit,QC1,BCAA_QC1,110,64,143,226
05/12/2018,Inter_Batch_Imprecision,Sciex_Gromit,QC1,BCAA_QC1,96,59,131,207
06/12/2018,Inter_Batch_Imprecision,Sciex_Gromit,QC1,BCAA_QC1,113,66,149,241
07/12/2018,Inter_Batch_Imprecision,Sciex_Gromit,QC1,BCAA_QC1,94,56,130,207
27/11/2018,Inter_Batch_Imprecision,Sciex_Gromit,QC2,BCAA_QC2,163,561,568,548
28/11/2018,Inter_Batch_Imprecision,Sciex_Gromit,QC2,BCAA_QC2,157,541,555,528
29/11/2018,Inter_Batch_Imprecision,Sciex_Gromit,QC2,BCAA_QC2,162,560,568,539
30/11/2018,Inter_Batch_Imprecision,Sciex_Gromit,QC2,BCAA_QC2,173,582,576,540
01/12/2018,Inter_Batch_Imprecision,Sciex_Gromit,QC2,BCAA_QC2,159,526,533,497
02/12/2018,Inter_Batch_Imprecision,Sciex_Gromit,QC2,BCAA_QC2,169,573,561,529
03/12/2018,Inter_Batch_Imprecision,Sciex_Gromit,QC2,BCAA_QC2,191,570,583,554
04/12/2018,Inter_Batch_Imprecision,Sciex_Gromit,QC2,BCAA_QC2,177,577,606,574
05/12/2018,Inter_Batch_Imprecision,Sciex_Gromit,QC2,BCAA_QC2,191,590,594,568
06/12/2018,Inter_Batch_Imprecision,Sciex_Gromit,QC2,BCAA_QC2,168,539,544,514
07/12/2018,Inter_Batch_Imprecision,Sciex_Gromit,QC2,BCAA_QC2,176,545,546,527
08/12/2018,Inter_Batch_Imprecision,Sciex_Gromit,QC2,BCAA_QC2,167,534,552,529
27/11/2018,Inter_Batch_Imprecision,Sciex_Gromit,QC3,BCAA_QC3,324,1074,1051,1069
28/11/2018,Inter_Batch_Imprecision,Sciex_Gromit,QC3,BCAA_QC3,339,1098,1074,1077
29/11/2018,Inter_Batch_Imprecision,Sciex_Gromit,QC3,BCAA_QC3,359,1131,1103,1132
30/11/2018,Inter_Batch_Imprecision,Sciex_Gromit,QC3,BCAA_QC3,365,1154,1105,1122
01/12/2018,Inter_Batch_Imprecision,Sciex_Gromit,QC3,BCAA_QC3,364,1163,1115,1117
02/12/2018,Inter_Batch_Imprecision,Sciex_Gromit,QC3,BCAA_QC3,361,1114,1081,1087
03/12/2018,Inter_Batch_Imprecision,Sciex_Gromit,QC3,BCAA_QC3,361,1062,1067,1054
04/12/2018,Inter_Batch_Imprecision,Sciex_Gromit,QC3,BCAA_QC3,321,1048,1044,1025
05/12/2018,Inter_Batch_Imprecision,Sciex_Gromit,QC3,BCAA_QC3,355,1053,1043,1063
06/12/2018,Inter_Batch_Imprecision,Sciex_Gromit,QC3,BCAA_QC3,347,1093,1068,1069
07/12/2018,Inter_Batch_Imprecision,Sciex_Gromit,QC3,BCAA_QC3,346,1049,1031,1046
08/12/2018,Inter_Batch_Imprecision,Sciex_Gromit,QC3,BCAA_QC3,354,1079,1054,1048
27/11/2018,Method_Comparison,Sciex_Gromit,EQA,A18130135,1,14,33,52
28/11/2018,Method_Comparison,Sciex_Gromit,EQA,B18130135,127,149,161,188
29/11/2018,Method_Comparison,Sciex_Gromit,EQA,C18130135,245,260,273,299
30/11/2018,Method_Comparison,Sciex_Gromit,EQA,D18130135,482,517,525,559
01/12/2018,Method_Comparison,Sciex_Gromit,EQA,E18130135,984,1007,1043,1096
02/12/2018,Method_Comparison,Sciex_Wallace,EQA,A18130135,1,13,35,56
03/12/2018,Method_Comparison,Sciex_Wallace,EQA,B18130135,135,135,157,186
04/12/2018,Method_Comparison,Sciex_Wallace,EQA,C18130135,249,236,263,293
05/12/2018,Method_Comparison,Sciex_Wallace,EQA,D18130135,527,493,522,549
06/12/2018,Method_Comparison,Sciex_Wallace,EQA,E18130135,1038,965,997,1039
27/11/2018,Method_Comparison,TQD3,EQA,A18130135,1,13,34,57
28/11/2018,Method_Comparison,TQD3,EQA,B18130135,125,140,161,187
29/11/2018,Method_Comparison,TQD3,EQA,C18130135,239,259,273,300
30/11/2018,Method_Comparison,TQD3,EQA,D18130135,497,509,527,563
01/12/2018,Method_Comparison,TQD3,EQA,E18130135,965,993,1000,1046
27/11/2018,Method_Comparison,TQD3,Patient,19291090a,279,388,126,481
28/11/2018,Method_Comparison,TQD3,Patient,19285055a,111,248,47,161
29/11/2018,Method_Comparison,TQD3,Patient,19194597a,97,202,281,303
30/11/2018,Method_Comparison,TQD3,Patient,19194600a,207,361,221,554
01/12/2018,Method_Comparison,TQD3,Patient,19365239a,234,381,196,296
02/12/2018,Method_Comparison,TQD3,Patient,18689573a,135,145,223,147
03/12/2018,Method_Comparison,TQD3,Patient,18633925a,147,161,155,198
04/12/2018,Method_Comparison,TQD3,Patient,18849402a,213,294,75,266
05/12/2018,Method_Comparison,TQD3,Patient,18776577a,139,164,262,202
06/12/2018,Method_Comparison,TQD3,Patient,18840535a,139,188,196,223
07/12/2018,Method_Comparison,TQD3,Patient,19291090a,228,303,95,355
08/12/2018,Method_Comparison,TQD3,Patient,19285055a,102,209,52,147
09/12/2018,Method_Comparison,TQD3,Patient,19194597a,99,173,253,275
10/12/2018,Method_Comparison,TQD3,Patient,19194600a,197,304,197,458
11/12/2018,Method_Comparison,TQD3,Patient,19365239a,251,335,173,278
27/11/2018,Method_Comparison,Sciex_Gromit,Patient,19291090a,228,303,95,355
28/11/2018,Method_Comparison,Sciex_Gromit,Patient,19285055a,102,209,52,147
29/11/2018,Method_Comparison,Sciex_Gromit,Patient,19194597a,99,173,253,275
30/11/2018,Method_Comparison,Sciex_Gromit,Patient,19194600a,197,304,197,458
01/12/2018,Method_Comparison,Sciex_Gromit,Patient,19365239a,251,335,173,278
02/12/2018,Method_Comparison,Sciex_Gromit,Patient,18689573a,121,154,232,162
03/12/2018,Method_Comparison,Sciex_Gromit,Patient,18633925a,137,163,152,185
04/12/2018,Method_Comparison,Sciex_Gromit,Patient,18849402a,213,309,75,258
05/12/2018,Method_Comparison,Sciex_Gromit,Patient,18776577a,118,156,246,190
06/12/2018,Method_Comparison,Sciex_Gromit,Patient,18840535a,131,213,219,245
07/12/2018,Method_Comparison,Sciex_Gromit,Patient,19291090a,225,324,107,389
08/12/2018,Method_Comparison,Sciex_Gromit,Patient,19285055a,98,206,44,137
09/12/2018,Method_Comparison,Sciex_Gromit,Patient,19194597a,93,176,252,272
10/12/2018,Method_Comparison,Sciex_Gromit,Patient,19194600a,191,312,198,472
11/12/2018,Method_Comparison,Sciex_Gromit,Patient,19365239a,223,327,170,271
27/11/2018,Inter_Batch_Imprecision,TQD3,QC1,BCAA_QC1,95,54,109,193
28/11/2018,Inter_Batch_Imprecision,TQD3,QC1,BCAA_QC1,86,53,108,198
29/11/2018,Inter_Batch_Imprecision,TQD3,QC1,BCAA_QC1,85,48,100,183
30/11/2018,Inter_Batch_Imprecision,TQD3,QC1,BCAA_QC1,89,60,126,216
01/12/2018,Inter_Batch_Imprecision,TQD3,QC1,BCAA_QC1,99,67,146,227
02/12/2018,Inter_Batch_Imprecision,TQD3,QC1,BCAA_QC1,97,65,145,228
03/12/2018,Inter_Batch_Imprecision,TQD3,QC1,BCAA_QC1,89,63,141,203
04/12/2018,Inter_Batch_Imprecision,TQD3,QC1,BCAA_QC1,86,63,132,197
05/12/2018,Inter_Batch_Imprecision,TQD3,QC1,BCAA_QC1,92,62,149,227
06/12/2018,Inter_Batch_Imprecision,TQD3,QC1,BCAA_QC1,92,67,149,203
07/12/2018,Inter_Batch_Imprecision,TQD3,QC1,BCAA_QC1,85,63,141,213
08/12/2018,Inter_Batch_Imprecision,TQD3,QC1,BCAA_QC1,80,55,127,208
09/12/2018,Inter_Batch_Imprecision,TQD3,QC1,BCAA_QC1,95,58,139,229
10/12/2018,Inter_Batch_Imprecision,TQD3,QC1,BCAA_QC1,78,65,135,212
11/12/2018,Inter_Batch_Imprecision,TQD3,QC1,BCAA_QC1,88,72,142,223
12/12/2018,Inter_Batch_Imprecision,TQD3,QC1,BCAA_QC1,82,61,130,209
13/12/2018,Inter_Batch_Imprecision,TQD3,QC1,BCAA_QC1,90,66,143,231
14/12/2018,Inter_Batch_Imprecision,TQD3,QC1,BCAA_QC1,89,64,140,216
15/12/2018,Inter_Batch_Imprecision,TQD3,QC1,BCAA_QC1,92,64,139,207
16/12/2018,Inter_Batch_Imprecision,TQD3,QC1,BCAA_QC1,94,68,138,226
17/12/2018,Inter_Batch_Imprecision,TQD3,QC1,BCAA_QC1,90,65,135,225
18/12/2018,Inter_Batch_Imprecision,TQD3,QC1,BCAA_QC1,79,59,130,201
19/12/2018,Inter_Batch_Imprecision,TQD3,QC1,BCAA_QC1,93,66,140,227
20/12/2018,Inter_Batch_Imprecision,TQD3,QC1,BCAA_QC1,72,59,128,203
21/12/2018,Inter_Batch_Imprecision,TQD3,QC1,BCAA_QC1,76,59,130,218
22/12/2018,Inter_Batch_Imprecision,TQD3,QC1,BCAA_QC1,84,63,138,215
23/12/2018,Inter_Batch_Imprecision,TQD3,QC1,BCAA_QC1,90,64,142,224
24/12/2018,Inter_Batch_Imprecision,TQD3,QC1,BCAA_QC1,79,60,135,216
25/12/2018,Inter_Batch_Imprecision,TQD3,QC1,BCAA_QC1,95,66,150,226
26/12/2018,Inter_Batch_Imprecision,TQD3,QC1,BCAA_QC1,87,58,130,216
27/12/2018,Inter_Batch_Imprecision,TQD3,QC1,BCAA_QC1,90,60,125,209
28/12/2018,Inter_Batch_Imprecision,TQD3,QC1,BCAA_QC1,86,64,138,223
29/12/2018,Inter_Batch_Imprecision,TQD3,QC1,BCAA_QC1,81,61,125,215
30/12/2018,Inter_Batch_Imprecision,TQD3,QC1,BCAA_QC1,108,70,147,241
31/12/2018,Inter_Batch_Imprecision,TQD3,QC1,BCAA_QC1,86,56,123,204
01/01/2019,Inter_Batch_Imprecision,TQD3,QC1,BCAA_QC1,91,65,138,218
02/01/2019,Inter_Batch_Imprecision,TQD3,QC1,BCAA_QC1,97,69,155,247
03/01/2019,Inter_Batch_Imprecision,TQD3,QC1,BCAA_QC1,96,67,152,218
04/01/2019,Inter_Batch_Imprecision,TQD3,QC1,BCAA_QC1,86,59,134,207
05/01/2019,Inter_Batch_Imprecision,TQD3,QC1,BCAA_QC1,91,65,146,221
06/01/2019,Inter_Batch_Imprecision,TQD3,QC1,BCAA_QC1,85,63,133,207
07/01/2019,Inter_Batch_Imprecision,TQD3,QC1,BCAA_QC1,99,62,133,213
08/01/2019,Inter_Batch_Imprecision,TQD3,QC1,BCAA_QC1,97,65,153,222
09/01/2019,Inter_Batch_Imprecision,TQD3,QC1,BCAA_QC1,101,72,140,231
10/01/2019,Inter_Batch_Imprecision,TQD3,QC1,BCAA_QC1,87,67,135,232
11/01/2019,Inter_Batch_Imprecision,TQD3,QC1,BCAA_QC1,92,69,142,227
12/01/2019,Inter_Batch_Imprecision,TQD3,QC1,BCAA_QC1,95,68,149,233
13/01/2019,Inter_Batch_Imprecision,TQD3,QC1,BCAA_QC1,82,57,132,212
14/01/2019,Inter_Batch_Imprecision,TQD3,QC1,BCAA_QC1,79,55,129,208
15/01/2019,Inter_Batch_Imprecision,TQD3,QC1,BCAA_QC1,95,62,137,202
16/01/2019,Inter_Batch_Imprecision,TQD3,QC1,BCAA_QC1,78,55,124,194
17/01/2019,Inter_Batch_Imprecision,TQD3,QC1,BCAA_QC1,85,54,121,178
18/01/2019,Inter_Batch_Imprecision,TQD3,QC1,BCAA_QC1,87,55,123,191
19/01/2019,Inter_Batch_Imprecision,TQD3,QC1,BCAA_QC1,81,56,127,193
20/01/2019,Inter_Batch_Imprecision,TQD3,QC1,BCAA_QC1,77,56,126,186
21/01/2019,Inter_Batch_Imprecision,TQD3,QC1,BCAA_QC1,88,60,143,212
22/01/2019,Inter_Batch_Imprecision,TQD3,QC1,BCAA_QC1,79,53,131,204
23/01/2019,Inter_Batch_Imprecision,TQD3,QC1,BCAA_QC1,81,54,129,204
24/01/2019,Inter_Batch_Imprecision,TQD3,QC1,BCAA_QC1,82,59,139,212
25/01/2019,Inter_Batch_Imprecision,TQD3,QC1,BCAA_QC1,109,55,160,204
26/01/2019,Inter_Batch_Imprecision,TQD3,QC1,BCAA_QC1,86,45,133,174
27/01/2019,Inter_Batch_Imprecision,TQD3,QC1,BCAA_QC1,90,47,129,222
28/01/2019,Inter_Batch_Imprecision,TQD3,QC1,BCAA_QC1,84,56,120,212
29/01/2019,Inter_Batch_Imprecision,TQD3,QC1,BCAA_QC1,83,56,131,198
30/01/2019,Inter_Batch_Imprecision,TQD3,QC1,BCAA_QC1,96,56,122,219
31/01/2019,Inter_Batch_Imprecision,TQD3,QC1,BCAA_QC1,75,55,130,203
01/02/2019,Inter_Batch_Imprecision,TQD3,QC1,BCAA_QC1,89,57,124,204
02/02/2019,Inter_Batch_Imprecision,TQD3,QC1,BCAA_QC1,95,60,139,219
03/02/2019,Inter_Batch_Imprecision,TQD3,QC1,BCAA_QC1,82,56,138,214
04/02/2019,Inter_Batch_Imprecision,TQD3,QC1,BCAA_QC1,88,60,141,209
05/02/2019,Inter_Batch_Imprecision,TQD3,QC1,BCAA_QC1,88,64,133,211
06/02/2019,Inter_Batch_Imprecision,TQD3,QC1,BCAA_QC1,90,65,129,203
07/02/2019,Inter_Batch_Imprecision,TQD3,QC1,BCAA_QC1,89,63,127,193
08/02/2019,Inter_Batch_Imprecision,TQD3,QC1,BCAA_QC1,89,59,130,218
09/02/2019,Inter_Batch_Imprecision,TQD3,QC1,BCAA_QC1,91,72,146,225
10/02/2019,Inter_Batch_Imprecision,TQD3,QC1,BCAA_QC1,91,61,128,204
11/02/2019,Inter_Batch_Imprecision,TQD3,QC1,BCAA_QC1,88,57,128,194
12/02/2019,Inter_Batch_Imprecision,TQD3,QC1,BCAA_QC1,83,60,128,192
13/02/2019,Inter_Batch_Imprecision,TQD3,QC1,BCAA_QC1,99,70,152,250
14/02/2019,Inter_Batch_Imprecision,TQD3,QC1,BCAA_QC1,87,60,143,232
15/02/2019,Inter_Batch_Imprecision,TQD3,QC1,BCAA_QC1,93,51,116,236
16/02/2019,Inter_Batch_Imprecision,TQD3,QC1,BCAA_QC1,81,61,137,186
17/02/2019,Inter_Batch_Imprecision,TQD3,QC1,BCAA_QC1,97,67,132,201
18/02/2019,Inter_Batch_Imprecision,TQD3,QC1,BCAA_QC1,79,54,121,190
19/02/2019,Inter_Batch_Imprecision,TQD3,QC1,BCAA_QC1,98,63,137,197
20/02/2019,Inter_Batch_Imprecision,TQD3,QC1,BCAA_QC1,101,63,148,245
21/02/2019,Inter_Batch_Imprecision,TQD3,QC1,BCAA_QC1,113,59,148,210
22/02/2019,Inter_Batch_Imprecision,TQD3,QC1,BCAA_QC1,79,51,116,185
23/02/2019,Inter_Batch_Imprecision,TQD3,QC1,BCAA_QC1,96,62,151,239
24/02/2019,Inter_Batch_Imprecision,TQD3,QC1,BCAA_QC1,83,62,132,206
25/02/2019,Inter_Batch_Imprecision,TQD3,QC1,BCAA_QC1,102,62,142,230
26/02/2019,Inter_Batch_Imprecision,TQD3,QC1,BCAA_QC1,95,71,164,250
27/02/2019,Inter_Batch_Imprecision,TQD3,QC1,BCAA_QC1,96,79,154,237
28/02/2019,Inter_Batch_Imprecision,TQD3,QC1,BCAA_QC1,78,58,121,190
01/03/2019,Inter_Batch_Imprecision,TQD3,QC1,BCAA_QC1,99,57,143,213
02/03/2019,Inter_Batch_Imprecision,TQD3,QC1,BCAA_QC1,76,52,123,184
03/03/2019,Inter_Batch_Imprecision,TQD3,QC1,BCAA_QC1,83,59,125,216
04/03/2019,Inter_Batch_Imprecision,TQD3,QC1,BCAA_QC1,92,71,136,232
05/03/2019,Inter_Batch_Imprecision,TQD3,QC1,BCAA_QC1,97,71,138,200
06/03/2019,Inter_Batch_Imprecision,TQD3,QC1,BCAA_QC1,72,59,138,241
07/03/2019,Inter_Batch_Imprecision,TQD3,QC1,BCAA_QC1,104,65,130,200
08/03/2019,Inter_Batch_Imprecision,TQD3,QC1,BCAA_QC1,96,57,140,200
09/03/2019,Inter_Batch_Imprecision,TQD3,QC1,BCAA_QC1,86,52,127,234
10/03/2019,Inter_Batch_Imprecision,TQD3,QC1,BCAA_QC1,84,53,124,188
11/03/2019,Inter_Batch_Imprecision,TQD3,QC1,BCAA_QC1,81,56,124,197
12/03/2019,Inter_Batch_Imprecision,TQD3,QC1,BCAA_QC1,87,54,129,206
13/03/2019,Inter_Batch_Imprecision,TQD3,QC1,BCAA_QC1,99,65,139,220
14/03/2019,Inter_Batch_Imprecision,TQD3,QC1,BCAA_QC1,90,57,132,204
15/03/2019,Inter_Batch_Imprecision,TQD3,QC1,BCAA_QC1,86,55,126,200
16/03/2019,Inter_Batch_Imprecision,TQD3,QC1,BCAA_QC1,84,57,134,226
17/03/2019,Inter_Batch_Imprecision,TQD3,QC1,BCAA_QC1,88,52,124,203
18/03/2019,Inter_Batch_Imprecision,TQD3,QC1,BCAA_QC1,82,53,130,212
19/03/2019,Inter_Batch_Imprecision,TQD3,QC1,BCAA_QC1,81,60,131,204
20/03/2019,Inter_Batch_Imprecision,TQD3,QC1,BCAA_QC1,87,62,143,218
21/03/2019,Inter_Batch_Imprecision,TQD3,QC1,BCAA_QC1,89,59,138,225
22/03/2019,Inter_Batch_Imprecision,TQD3,QC1,BCAA_QC1,92,62,149,234
23/03/2019,Inter_Batch_Imprecision,TQD3,QC1,BCAA_QC1,94,60,136,207
24/03/2019,Inter_Batch_Imprecision,TQD3,QC1,BCAA_QC1,103,67,144,216
25/03/2019,Inter_Batch_Imprecision,TQD3,QC1,BCAA_QC1,78,53,138,200
26/03/2019,Inter_Batch_Imprecision,TQD3,QC1,BCAA_QC1,99,61,136,235
27/03/2019,Inter_Batch_Imprecision,TQD3,QC1,BCAA_QC1,94,61,134,222
28/03/2019,Inter_Batch_Imprecision,TQD3,QC1,BCAA_QC1,93,61,142,219
29/03/2019,Inter_Batch_Imprecision,TQD3,QC1,BCAA_QC1,81,54,127,202
30/03/2019,Inter_Batch_Imprecision,TQD3,QC1,BCAA_QC1,96,65,140,243
31/03/2019,Inter_Batch_Imprecision,TQD3,QC1,BCAA_QC1,82,55,124,203
01/04/2019,Inter_Batch_Imprecision,TQD3,QC1,BCAA_QC1,78,58,127,217
02/04/2019,Inter_Batch_Imprecision,TQD3,QC1,BCAA_QC1,69,54,120,211
03/04/2019,Inter_Batch_Imprecision,TQD3,QC1,BCAA_QC1,76,60,129,193
04/04/2019,Inter_Batch_Imprecision,TQD3,QC1,BCAA_QC1,85,63,138,205
05/04/2019,Inter_Batch_Imprecision,TQD3,QC1,BCAA_QC1,84,62,131,225
07/04/2019,Inter_Batch_Imprecision,TQD3,QC1,BCAA_QC1,75,56,131,194
08/04/2019,Inter_Batch_Imprecision,TQD3,QC1,BCAA_QC1,89,63,138,214
09/04/2019,Inter_Batch_Imprecision,TQD3,QC1,BCAA_QC1,74,60,125,208
10/04/2019,Inter_Batch_Imprecision,TQD3,QC1,BCAA_QC1,86,59,136,212
11/04/2019,Inter_Batch_Imprecision,TQD3,QC1,BCAA_QC1,99,63,151,218
12/04/2019,Inter_Batch_Imprecision,TQD3,QC1,BCAA_QC1,101,61,146,234
13/04/2019,Inter_Batch_Imprecision,TQD3,QC1,BCAA_QC1,89,58,135,214
14/04/2019,Inter_Batch_Imprecision,TQD3,QC1,BCAA_QC1,83,53,128,206
15/04/2019,Inter_Batch_Imprecision,TQD3,QC1,BCAA_QC1,83,53,134,195
16/04/2019,Inter_Batch_Imprecision,TQD3,QC1,BCAA_QC1,76,53,129,186
17/04/2019,Inter_Batch_Imprecision,TQD3,QC1,BCAA_QC1,102,64,139,225
18/04/2019,Inter_Batch_Imprecision,TQD3,QC1,BCAA_QC1,82,55,119,202
19/04/2019,Inter_Batch_Imprecision,TQD3,QC1,BCAA_QC1,81,57,118,202
20/04/2019,Inter_Batch_Imprecision,TQD3,QC1,BCAA_QC1,100,63,125,215
21/04/2019,Inter_Batch_Imprecision,TQD3,QC1,BCAA_QC1,93,56,127,213
22/04/2019,Inter_Batch_Imprecision,TQD3,QC1,BCAA_QC1,103,65,142,232
23/04/2019,Inter_Batch_Imprecision,TQD3,QC1,BCAA_QC1,85,58,140,234
24/04/2019,Inter_Batch_Imprecision,TQD3,QC1,BCAA_QC1,83,55,126,209
25/04/2019,Inter_Batch_Imprecision,TQD3,QC1,BCAA_QC1,87,58,131,219
26/04/2019,Inter_Batch_Imprecision,TQD3,QC1,BCAA_QC1,90,58,131,223
27/04/2019,Inter_Batch_Imprecision,TQD3,QC1,BCAA_QC1,93,54,130,206
28/04/2019,Inter_Batch_Imprecision,TQD3,QC1,BCAA_QC1,96,59,138,223
29/04/2019,Inter_Batch_Imprecision,TQD3,QC1,BCAA_QC1,101,59,143,222
30/04/2019,Inter_Batch_Imprecision,TQD3,QC1,BCAA_QC1,100,63,141,222
01/05/2019,Inter_Batch_Imprecision,TQD3,QC1,BCAA_QC1,89,57,128,214
02/05/2019,Inter_Batch_Imprecision,TQD3,QC1,BCAA_QC1,96,59,137,206
03/05/2019,Inter_Batch_Imprecision,TQD3,QC1,BCAA_QC1,97,57,130,200
04/05/2019,Inter_Batch_Imprecision,TQD3,QC1,BCAA_QC1,88,53,121,196
05/05/2019,Inter_Batch_Imprecision,TQD3,QC1,BCAA_QC1,102,63,154,225
06/05/2019,Inter_Batch_Imprecision,TQD3,QC1,BCAA_QC1,96,58,136,221
07/05/2019,Inter_Batch_Imprecision,TQD3,QC1,BCAA_QC1,95,64,149,228
08/05/2019,Inter_Batch_Imprecision,TQD3,QC1,BCAA_QC1,95,56,126,198
09/05/2019,Inter_Batch_Imprecision,TQD3,QC1,BCAA_QC1,102,61,142,218
10/05/2019,Inter_Batch_Imprecision,TQD3,QC1,BCAA_QC1,89,60,134,207
27/11/2018,Inter_Batch_Imprecision,TQD3,QC2,BCAA_QC2,146,489,496,496
28/11/2018,Inter_Batch_Imprecision,TQD3,QC2,BCAA_QC2,155,523,521,485
30/11/2018,Inter_Batch_Imprecision,TQD3,QC2,BCAA_QC2,166,531,533,516
01/12/2018,Inter_Batch_Imprecision,TQD3,QC2,BCAA_QC2,172,618,568,559
02/12/2018,Inter_Batch_Imprecision,TQD3,QC2,BCAA_QC2,172,580,573,557
03/12/2018,Inter_Batch_Imprecision,TQD3,QC2,BCAA_QC2,170,595,570,500
04/12/2018,Inter_Batch_Imprecision,TQD3,QC2,BCAA_QC2,156,606,543,527
05/12/2018,Inter_Batch_Imprecision,TQD3,QC2,BCAA_QC2,145,564,514,492
06/12/2018,Inter_Batch_Imprecision,TQD3,QC2,BCAA_QC2,164,544,548,479
07/12/2018,Inter_Batch_Imprecision,TQD3,QC2,BCAA_QC2,158,546,517,540
08/12/2018,Inter_Batch_Imprecision,TQD3,QC2,BCAA_QC2,193,622,666,561
09/12/2018,Inter_Batch_Imprecision,TQD3,QC2,BCAA_QC2,159,581,589,552
10/12/2018,Inter_Batch_Imprecision,TQD3,QC2,BCAA_QC2,146,595,578,554
11/12/2018,Inter_Batch_Imprecision,TQD3,QC2,BCAA_QC2,194,659,631,611
12/12/2018,Inter_Batch_Imprecision,TQD3,QC2,BCAA_QC2,165,595,543,590
13/12/2018,Inter_Batch_Imprecision,TQD3,QC2,BCAA_QC2,176,639,625,633
14/12/2018,Inter_Batch_Imprecision,TQD3,QC2,BCAA_QC2,159,536,550,501
15/12/2018,Inter_Batch_Imprecision,TQD3,QC2,BCAA_QC2,169,538,553,505
16/12/2018,Inter_Batch_Imprecision,TQD3,QC2,BCAA_QC2,153,592,552,563
17/12/2018,Inter_Batch_Imprecision,TQD3,QC2,BCAA_QC2,155,575,582,512
18/12/2018,Inter_Batch_Imprecision,TQD3,QC2,BCAA_QC2,153,637,546,535
19/12/2018,Inter_Batch_Imprecision,TQD3,QC2,BCAA_QC2,173,634,539,524
20/12/2018,Inter_Batch_Imprecision,TQD3,QC2,BCAA_QC2,137,517,522,496
21/12/2018,Inter_Batch_Imprecision,TQD3,QC2,BCAA_QC2,146,528,531,521
22/12/2018,Inter_Batch_Imprecision,TQD3,QC2,BCAA_QC2,172,583,566,536
23/12/2018,Inter_Batch_Imprecision,TQD3,QC2,BCAA_QC2,154,532,538,529
24/12/2018,Inter_Batch_Imprecision,TQD3,QC2,BCAA_QC2,165,594,563,562
25/12/2018,Inter_Batch_Imprecision,TQD3,QC2,BCAA_QC2,148,485,558,526
26/12/2018,Inter_Batch_Imprecision,TQD3,QC2,BCAA_QC2,155,530,555,518
27/12/2018,Inter_Batch_Imprecision,TQD3,QC2,BCAA_QC2,161,524,538,552
28/12/2018,Inter_Batch_Imprecision,TQD3,QC2,BCAA_QC2,157,557,569,567
29/12/2018,Inter_Batch_Imprecision,TQD3,QC2,BCAA_QC2,159,530,535,588
30/12/2018,Inter_Batch_Imprecision,TQD3,QC2,BCAA_QC2,172,551,568,549
31/12/2018,Inter_Batch_Imprecision,TQD3,QC2,BCAA_QC2,191,599,615,594
01/01/2019,Inter_Batch_Imprecision,TQD3,QC2,BCAA_QC2,166,597,604,563
02/01/2019,Inter_Batch_Imprecision,TQD3,QC2,BCAA_QC2,175,603,613,576
03/01/2019,Inter_Batch_Imprecision,TQD3,QC2,BCAA_QC2,167,595,571,511
04/01/2019,Inter_Batch_Imprecision,TQD3,QC2,BCAA_QC2,177,630,579,564
05/01/2019,Inter_Batch_Imprecision,TQD3,QC2,BCAA_QC2,153,552,542,505
06/01/2019,Inter_Batch_Imprecision,TQD3,QC2,BCAA_QC2,159,574,553,544
07/01/2019,Inter_Batch_Imprecision,TQD3,QC2,BCAA_QC2,186,642,591,543
08/01/2019,Inter_Batch_Imprecision,TQD3,QC2,BCAA_QC2,164,547,527,514
09/01/2019,Inter_Batch_Imprecision,TQD3,QC2,BCAA_QC2,176,613,601,573
10/01/2019,Inter_Batch_Imprecision,TQD3,QC2,BCAA_QC2,179,572,551,562
11/01/2019,Inter_Batch_Imprecision,TQD3,QC2,BCAA_QC2,168,557,557,532
12/01/2019,Inter_Batch_Imprecision,TQD3,QC2,BCAA_QC2,190,650,594,607
13/01/2019,Inter_Batch_Imprecision,TQD3,QC2,BCAA_QC2,151,527,571,535
14/01/2019,Inter_Batch_Imprecision,TQD3,QC2,BCAA_QC2,163,557,575,563
15/01/2019,Inter_Batch_Imprecision,TQD3,QC2,BCAA_QC2,174,610,609,534
17/01/2019,Inter_Batch_Imprecision,TQD3,QC2,BCAA_QC2,156,524,572,503
18/01/2019,Inter_Batch_Imprecision,TQD3,QC2,BCAA_QC2,148,524,548,512
19/01/2019,Inter_Batch_Imprecision,TQD3,QC2,BCAA_QC2,150,529,514,487
20/01/2019,Inter_Batch_Imprecision,TQD3,QC2,BCAA_QC2,179,613,585,515
21/01/2019,Inter_Batch_Imprecision,TQD3,QC2,BCAA_QC2,159,580,557,493
22/01/2019,Inter_Batch_Imprecision,TQD3,QC2,BCAA_QC2,149,496,549,506
23/01/2019,Inter_Batch_Imprecision,TQD3,QC2,BCAA_QC2,165,546,598,576
24/01/2019,Inter_Batch_Imprecision,TQD3,QC2,BCAA_QC2,146,506,555,533
25/01/2019,Inter_Batch_Imprecision,TQD3,QC2,BCAA_QC2,175,551,633,460
26/01/2019,Inter_Batch_Imprecision,TQD3,QC2,BCAA_QC2,168,548,591,496
27/01/2019,Inter_Batch_Imprecision,TQD3,QC2,BCAA_QC2,194,600,614,541
28/01/2019,Inter_Batch_Imprecision,TQD3,QC2,BCAA_QC2,158,536,491,572
29/01/2019,Inter_Batch_Imprecision,TQD3,QC2,BCAA_QC2,183,575,540,544
30/01/2019,Inter_Batch_Imprecision,TQD3,QC2,BCAA_QC2,177,628,560,533
31/01/2019,Inter_Batch_Imprecision,TQD3,QC2,BCAA_QC2,159,517,532,560
01/02/2019,Inter_Batch_Imprecision,TQD3,QC2,BCAA_QC2,153,539,533,548
02/02/2019,Inter_Batch_Imprecision,TQD3,QC2,BCAA_QC2,164,550,527,510
03/02/2019,Inter_Batch_Imprecision,TQD3,QC2,BCAA_QC2,198,600,611,538
04/02/2019,Inter_Batch_Imprecision,TQD3,QC2,BCAA_QC2,143,556,571,545
05/02/2019,Inter_Batch_Imprecision,TQD3,QC2,BCAA_QC2,148,486,494,465
06/02/2019,Inter_Batch_Imprecision,TQD3,QC2,BCAA_QC2,188,634,617,572
07/02/2019,Inter_Batch_Imprecision,TQD3,QC2,BCAA_QC2,189,626,592,560
08/02/2019,Inter_Batch_Imprecision,TQD3,QC2,BCAA_QC2,177,603,605,565
09/02/2019,Inter_Batch_Imprecision,TQD3,QC2,BCAA_QC2,162,529,542,534
10/02/2019,Inter_Batch_Imprecision,TQD3,QC2,BCAA_QC2,149,515,494,450
11/02/2019,Inter_Batch_Imprecision,TQD3,QC2,BCAA_QC2,166,539,552,512
12/02/2019,Inter_Batch_Imprecision,TQD3,QC2,BCAA_QC2,146,515,484,498
13/02/2019,Inter_Batch_Imprecision,TQD3,QC2,BCAA_QC2,183,617,565,547
14/02/2019,Inter_Batch_Imprecision,TQD3,QC2,BCAA_QC2,170,544,608,535
15/02/2019,Inter_Batch_Imprecision,TQD3,QC2,BCAA_QC2,193,611,535,576
16/02/2019,Inter_Batch_Imprecision,TQD3,QC2,BCAA_QC2,154,579,507,489
17/02/2019,Inter_Batch_Imprecision,TQD3,QC2,BCAA_QC2,157,631,527,539
18/02/2019,Inter_Batch_Imprecision,TQD3,QC2,BCAA_QC2,165,540,554,574
19/02/2019,Inter_Batch_Imprecision,TQD3,QC2,BCAA_QC2,135,555,593,510
20/02/2019,Inter_Batch_Imprecision,TQD3,QC2,BCAA_QC2,142,456,491,456
21/02/2019,Inter_Batch_Imprecision,TQD3,QC2,BCAA_QC2,184,485,540,473
22/02/2019,Inter_Batch_Imprecision,TQD3,QC2,BCAA_QC2,144,529,537,488
23/02/2019,Inter_Batch_Imprecision,TQD3,QC2,BCAA_QC2,134,463,498,447
24/02/2019,Inter_Batch_Imprecision,TQD3,QC2,BCAA_QC2,151,524,518,493
25/02/2019,Inter_Batch_Imprecision,TQD3,QC2,BCAA_QC2,158,485,511,491
26/02/2019,Inter_Batch_Imprecision,TQD3,QC2,BCAA_QC2,145,519,521,496
27/02/2019,Inter_Batch_Imprecision,TQD3,QC2,BCAA_QC2,157,580,517,449
28/02/2019,Inter_Batch_Imprecision,TQD3,QC2,BCAA_QC2,199,500,500,490
01/03/2019,Inter_Batch_Imprecision,TQD3,QC2,BCAA_QC2,156,585,558,516
02/03/2019,Inter_Batch_Imprecision,TQD3,QC2,BCAA_QC2,197,640,590,565
03/03/2019,Inter_Batch_Imprecision,TQD3,QC2,BCAA_QC2,169,612,590,599
04/03/2019,Inter_Batch_Imprecision,TQD3,QC2,BCAA_QC2,176,628,512,578
05/03/2019,Inter_Batch_Imprecision,TQD3,QC2,BCAA_QC2,159,489,530,498
06/03/2019,Inter_Batch_Imprecision,TQD3,QC2,BCAA_QC2,137,494,532,507
07/03/2019,Inter_Batch_Imprecision,TQD3,QC2,BCAA_QC2,182,580,608,531
08/03/2019,Inter_Batch_Imprecision,TQD3,QC2,BCAA_QC2,139,507,517,519
09/03/2019,Inter_Batch_Imprecision,TQD3,QC2,BCAA_QC2,171,559,580,621
10/03/2019,Inter_Batch_Imprecision,TQD3,QC2,BCAA_QC2,162,525,560,553
11/03/2019,Inter_Batch_Imprecision,TQD3,QC2,BCAA_QC2,168,538,546,552
12/03/2019,Inter_Batch_Imprecision,TQD3,QC2,BCAA_QC2,165,546,544,550
13/03/2019,Inter_Batch_Imprecision,TQD3,QC2,BCAA_QC2,182,554,570,559
14/03/2019,Inter_Batch_Imprecision,TQD3,QC2,BCAA_QC2,165,531,558,525
15/03/2019,Inter_Batch_Imprecision,TQD3,QC2,BCAA_QC2,170,551,557,594
16/03/2019,Inter_Batch_Imprecision,TQD3,QC2,BCAA_QC2,138,481,532,506
17/03/2019,Inter_Batch_Imprecision,TQD3,QC2,BCAA_QC2,156,530,533,503
18/03/2019,Inter_Batch_Imprecision,TQD3,QC2,BCAA_QC2,158,544,547,537
19/03/2019,Inter_Batch_Imprecision,TQD3,QC2,BCAA_QC2,169,554,547,503
20/03/2019,Inter_Batch_Imprecision,TQD3,QC2,BCAA_QC2,168,614,612,528
21/03/2019,Inter_Batch_Imprecision,TQD3,QC2,BCAA_QC2,152,545,538,552
22/03/2019,Inter_Batch_Imprecision,TQD3,QC2,BCAA_QC2,146,514,551,525
23/03/2019,Inter_Batch_Imprecision,TQD3,QC2,BCAA_QC2,174,569,580,566
24/03/2019,Inter_Batch_Imprecision,TQD3,QC2,BCAA_QC2,169,640,619,582
25/03/2019,Inter_Batch_Imprecision,TQD3,QC2,BCAA_QC2,144,522,500,500
26/03/2019,Inter_Batch_Imprecision,TQD3,QC2,BCAA_QC2,165,525,512,508
27/03/2019,Inter_Batch_Imprecision,TQD3,QC2,BCAA_QC2,174,600,582,572
28/03/2019,Inter_Batch_Imprecision,TQD3,QC2,BCAA_QC2,162,575,568,536
29/03/2019,Inter_Batch_Imprecision,TQD3,QC2,BCAA_QC2,155,557,547,528
30/03/2019,Inter_Batch_Imprecision,TQD3,QC2,BCAA_QC2,160,570,555,582
31/03/2019,Inter_Batch_Imprecision,TQD3,QC2,BCAA_QC2,162,534,557,553
01/04/2019,Inter_Batch_Imprecision,TQD3,QC2,BCAA_QC2,158,545,535,574
02/04/2019,Inter_Batch_Imprecision,TQD3,QC2,BCAA_QC2,148,572,577,523
04/04/2019,Inter_Batch_Imprecision,TQD3,QC2,BCAA_QC2,180,603,607,566
05/04/2019,Inter_Batch_Imprecision,TQD3,QC2,BCAA_QC2,171,552,553,564
07/04/2019,Inter_Batch_Imprecision,TQD3,QC2,BCAA_QC2,156,549,574,538
08/04/2019,Inter_Batch_Imprecision,TQD3,QC2,BCAA_QC2,152,548,580,525
09/04/2019,Inter_Batch_Imprecision,TQD3,QC2,BCAA_QC2,157,563,543,511
10/04/2019,Inter_Batch_Imprecision,TQD3,QC2,BCAA_QC2,137,547,548,498
11/04/2019,Inter_Batch_Imprecision,TQD3,QC2,BCAA_QC2,165,525,536,553
12/04/2019,Inter_Batch_Imprecision,TQD3,QC2,BCAA_QC2,157,500,525,505
13/04/2019,Inter_Batch_Imprecision,TQD3,QC2,BCAA_QC2,153,495,535,519
14/04/2019,Inter_Batch_Imprecision,TQD3,QC2,BCAA_QC2,173,542,587,562
15/04/2019,Inter_Batch_Imprecision,TQD3,QC2,BCAA_QC2,155,505,592,516
16/04/2019,Inter_Batch_Imprecision,TQD3,QC2,BCAA_QC2,148,487,550,510
18/04/2019,Inter_Batch_Imprecision,TQD3,QC2,BCAA_QC2,190,581,577,566
19/04/2019,Inter_Batch_Imprecision,TQD3,QC2,BCAA_QC2,152,513,543,522
20/04/2019,Inter_Batch_Imprecision,TQD3,QC2,BCAA_QC2,174,579,558,586
21/04/2019,Inter_Batch_Imprecision,TQD3,QC2,BCAA_QC2,160,480,494,523
22/04/2019,Inter_Batch_Imprecision,TQD3,QC2,BCAA_QC2,179,548,573,559
23/04/2019,Inter_Batch_Imprecision,TQD3,QC2,BCAA_QC2,149,504,518,531
24/04/2019,Inter_Batch_Imprecision,TQD3,QC2,BCAA_QC2,156,535,529,548
25/04/2019,Inter_Batch_Imprecision,TQD3,QC2,BCAA_QC2,161,522,538,547
26/04/2019,Inter_Batch_Imprecision,TQD3,QC2,BCAA_QC2,150,508,545,519
27/04/2019,Inter_Batch_Imprecision,TQD3,QC2,BCAA_QC2,164,542,549,513
28/04/2019,Inter_Batch_Imprecision,TQD3,QC2,BCAA_QC2,162,512,538,533
29/04/2019,Inter_Batch_Imprecision,TQD3,QC2,BCAA_QC2,169,510,557,536
30/04/2019,Inter_Batch_Imprecision,TQD3,QC2,BCAA_QC2,181,611,634,598
01/05/2019,Inter_Batch_Imprecision,TQD3,QC2,BCAA_QC2,158,521,509,508
02/05/2019,Inter_Batch_Imprecision,TQD3,QC2,BCAA_QC2,166,530,558,557
03/05/2019,Inter_Batch_Imprecision,TQD3,QC2,BCAA_QC2,180,530,578,560
04/05/2019,Inter_Batch_Imprecision,TQD3,QC2,BCAA_QC2,153,482,521,507
05/05/2019,Inter_Batch_Imprecision,TQD3,QC2,BCAA_QC2,163,560,563,548
06/05/2019,Inter_Batch_Imprecision,TQD3,QC2,BCAA_QC2,182,568,589,597
07/05/2019,Inter_Batch_Imprecision,TQD3,QC2,BCAA_QC2,181,565,572,581
08/05/2019,Inter_Batch_Imprecision,TQD3,QC2,BCAA_QC2,174,512,519,485
09/05/2019,Inter_Batch_Imprecision,TQD3,QC2,BCAA_QC2,159,552,597,547
10/05/2019,Inter_Batch_Imprecision,TQD3,QC2,BCAA_QC2,181,560,560,476
27/11/2018,Inter_Batch_Imprecision,TQD3,QC3,BCAA_QC3,313,1019,986,962
28/11/2018,Inter_Batch_Imprecision,TQD3,QC3,BCAA_QC3,298,1004,930,947
29/11/2018,Inter_Batch_Imprecision,TQD3,QC3,BCAA_QC3,290,935,922,904
30/11/2018,Inter_Batch_Imprecision,TQD3,QC3,BCAA_QC3,338,972,925,978
01/12/2018,Inter_Batch_Imprecision,TQD3,QC3,BCAA_QC3,357,1154,1055,1051
02/12/2018,Inter_Batch_Imprecision,TQD3,QC3,BCAA_QC3,355,1178,1081,1095
03/12/2018,Inter_Batch_Imprecision,TQD3,QC3,BCAA_QC3,305,930,967,922
04/12/2018,Inter_Batch_Imprecision,TQD3,QC3,BCAA_QC3,350,1064,908,892
05/12/2018,Inter_Batch_Imprecision,TQD3,QC3,BCAA_QC3,299,1010,893,874
06/12/2018,Inter_Batch_Imprecision,TQD3,QC3,BCAA_QC3,310,1085,1010,969
07/12/2018,Inter_Batch_Imprecision,TQD3,QC3,BCAA_QC3,298,969,889,972
08/12/2018,Inter_Batch_Imprecision,TQD3,QC3,BCAA_QC3,290,972,968,950
09/12/2018,Inter_Batch_Imprecision,TQD3,QC3,BCAA_QC3,320,994,988,975
10/12/2018,Inter_Batch_Imprecision,TQD3,QC3,BCAA_QC3,312,1060,1064,1092
11/12/2018,Inter_Batch_Imprecision,TQD3,QC3,BCAA_QC3,371,1134,1041,1014
12/12/2018,Inter_Batch_Imprecision,TQD3,QC3,BCAA_QC3,315,1026,986,1055
13/12/2018,Inter_Batch_Imprecision,TQD3,QC3,BCAA_QC3,365,1046,1072,1057
14/12/2018,Inter_Batch_Imprecision,TQD3,QC3,BCAA_QC3,376,1108,1050,1020
15/12/2018,Inter_Batch_Imprecision,TQD3,QC3,BCAA_QC3,368,1071,1038,1031
16/12/2018,Inter_Batch_Imprecision,TQD3,QC3,BCAA_QC3,311,1024,977,1057
17/12/2018,Inter_Batch_Imprecision,TQD3,QC3,BCAA_QC3,337,1110,1053,1052
18/12/2018,Inter_Batch_Imprecision,TQD3,QC3,BCAA_QC3,295,990,881,860
19/12/2018,Inter_Batch_Imprecision,TQD3,QC3,BCAA_QC3,334,1113,1035,1024
20/12/2018,Inter_Batch_Imprecision,TQD3,QC3,BCAA_QC3,256,887,865,845
21/12/2018,Inter_Batch_Imprecision,TQD3,QC3,BCAA_QC3,305,958,946,949
22/12/2018,Inter_Batch_Imprecision,TQD3,QC3,BCAA_QC3,297,953,914,908
23/12/2018,Inter_Batch_Imprecision,TQD3,QC3,BCAA_QC3,284,916,892,868
24/12/2018,Inter_Batch_Imprecision,TQD3,QC3,BCAA_QC3,302,977,919,1020
25/12/2018,Inter_Batch_Imprecision,TQD3,QC3,BCAA_QC3,299,1027,1008,848
26/12/2018,Inter_Batch_Imprecision,TQD3,QC3,BCAA_QC3,349,1030,967,1046
27/12/2018,Inter_Batch_Imprecision,TQD3,QC3,BCAA_QC3,324,1207,952,1038
28/12/2018,Inter_Batch_Imprecision,TQD3,QC3,BCAA_QC3,290,947,869,888
29/12/2018,Inter_Batch_Imprecision,TQD3,QC3,BCAA_QC3,304,973,936,954
30/12/2018,Inter_Batch_Imprecision,TQD3,QC3,BCAA_QC3,335,981,989,978
31/12/2018,Inter_Batch_Imprecision,TQD3,QC3,BCAA_QC3,373,1006,994,992
01/01/2019,Inter_Batch_Imprecision,TQD3,QC3,BCAA_QC3,358,1067,1050,1009
02/01/2019,Inter_Batch_Imprecision,TQD3,QC3,BCAA_QC3,332,1057,989,1027
03/01/2019,Inter_Batch_Imprecision,TQD3,QC3,BCAA_QC3,368,1210,1123,1040
04/01/2019,Inter_Batch_Imprecision,TQD3,QC3,BCAA_QC3,360,1141,1076,1033
05/01/2019,Inter_Batch_Imprecision,TQD3,QC3,BCAA_QC3,349,1084,1040,1071
06/01/2019,Inter_Batch_Imprecision,TQD3,QC3,BCAA_QC3,358,1106,1048,1040
07/01/2019,Inter_Batch_Imprecision,TQD3,QC3,BCAA_QC3,358,1071,989,1057
08/01/2019,Inter_Batch_Imprecision,TQD3,QC3,BCAA_QC3,361,1089,946,1001
09/01/2019,Inter_Batch_Imprecision,TQD3,QC3,BCAA_QC3,362,1117,1077,1075
10/01/2019,Inter_Batch_Imprecision,TQD3,QC3,BCAA_QC3,348,1087,950,1012
11/01/2019,Inter_Batch_Imprecision,TQD3,QC3,BCAA_QC3,344,1058,1002,1023
12/01/2019,Inter_Batch_Imprecision,TQD3,QC3,BCAA_QC3,365,1163,1036,1075
13/01/2019,Inter_Batch_Imprecision,TQD3,QC3,BCAA_QC3,273,915,898,896
14/01/2019,Inter_Batch_Imprecision,TQD3,QC3,BCAA_QC3,290,929,926,934
15/01/2019,Inter_Batch_Imprecision,TQD3,QC3,BCAA_QC3,298,947,936,914
16/01/2019,Inter_Batch_Imprecision,TQD3,QC3,BCAA_QC3,313,1013,989,927
17/01/2019,Inter_Batch_Imprecision,TQD3,QC3,BCAA_QC3,291,1012,969,908
18/01/2019,Inter_Batch_Imprecision,TQD3,QC3,BCAA_QC3,318,1055,1017,967
19/01/2019,Inter_Batch_Imprecision,TQD3,QC3,BCAA_QC3,303,1007,951,945
20/01/2019,Inter_Batch_Imprecision,TQD3,QC3,BCAA_QC3,324,1060,986,929
21/01/2019,Inter_Batch_Imprecision,TQD3,QC3,BCAA_QC3,313,1044,1020,972
22/01/2019,Inter_Batch_Imprecision,TQD3,QC3,BCAA_QC3,304,921,1001,990
23/01/2019,Inter_Batch_Imprecision,TQD3,QC3,BCAA_QC3,308,976,1012,1011
24/01/2019,Inter_Batch_Imprecision,TQD3,QC3,BCAA_QC3,317,1005,1033,1015
25/01/2019,Inter_Batch_Imprecision,TQD3,QC3,BCAA_QC3,326,939,931,907
26/01/2019,Inter_Batch_Imprecision,TQD3,QC3,BCAA_QC3,297,960,993,877
27/01/2019,Inter_Batch_Imprecision,TQD3,QC3,BCAA_QC3,318,1051,1036,1062
28/01/2019,Inter_Batch_Imprecision,TQD3,QC3,BCAA_QC3,342,1013,1003,1030
29/01/2019,Inter_Batch_Imprecision,TQD3,QC3,BCAA_QC3,342,974,999,970
30/01/2019,Inter_Batch_Imprecision,TQD3,QC3,BCAA_QC3,345,1076,1048,1053
31/01/2019,Inter_Batch_Imprecision,TQD3,QC3,BCAA_QC3,350,1013,1004,1019
01/02/2019,Inter_Batch_Imprecision,TQD3,QC3,BCAA_QC3,343,973,983,1015
02/02/2019,Inter_Batch_Imprecision,TQD3,QC3,BCAA_QC3,351,1071,988,1005
03/02/2019,Inter_Batch_Imprecision,TQD3,QC3,BCAA_QC3,308,1023,1005,1008
04/02/2019,Inter_Batch_Imprecision,TQD3,QC3,BCAA_QC3,297,903,980,869
05/02/2019,Inter_Batch_Imprecision,TQD3,QC3,BCAA_QC3,319,1056,1035,889
06/02/2019,Inter_Batch_Imprecision,TQD3,QC3,BCAA_QC3,307,967,878,947
07/02/2019,Inter_Batch_Imprecision,TQD3,QC3,BCAA_QC3,302,1007,936,908
08/02/2019,Inter_Batch_Imprecision,TQD3,QC3,BCAA_QC3,344,1089,1037,1076
09/02/2019,Inter_Batch_Imprecision,TQD3,QC3,BCAA_QC3,345,1043,987,1006
10/02/2019,Inter_Batch_Imprecision,TQD3,QC3,BCAA_QC3,307,1027,903,942
11/02/2019,Inter_Batch_Imprecision,TQD3,QC3,BCAA_QC3,337,1045,1000,981
12/02/2019,Inter_Batch_Imprecision,TQD3,QC3,BCAA_QC3,329,1069,1033,930
13/02/2019,Inter_Batch_Imprecision,TQD3,QC3,BCAA_QC3,336,1004,978,1041
14/02/2019,Inter_Batch_Imprecision,TQD3,QC3,BCAA_QC3,357,1035,1091,1073
15/02/2019,Inter_Batch_Imprecision,TQD3,QC3,BCAA_QC3,392,1084,936,999
16/02/2019,Inter_Batch_Imprecision,TQD3,QC3,BCAA_QC3,269,980,896,1139
17/02/2019,Inter_Batch_Imprecision,TQD3,QC3,BCAA_QC3,313,1074,907,918
18/02/2019,Inter_Batch_Imprecision,TQD3,QC3,BCAA_QC3,298,975,1010,926
19/02/2019,Inter_Batch_Imprecision,TQD3,QC3,BCAA_QC3,305,976,980,838
20/02/2019,Inter_Batch_Imprecision,TQD3,QC3,BCAA_QC3,276,978,1064,1009
21/02/2019,Inter_Batch_Imprecision,TQD3,QC3,BCAA_QC3,335,833,845,840
22/02/2019,Inter_Batch_Imprecision,TQD3,QC3,BCAA_QC3,326,1054,1040,946
23/02/2019,Inter_Batch_Imprecision,TQD3,QC3,BCAA_QC3,309,912,874,877
24/02/2019,Inter_Batch_Imprecision,TQD3,QC3,BCAA_QC3,284,903,872,830
26/02/2019,Inter_Batch_Imprecision,TQD3,QC3,BCAA_QC3,378,1153,1154,1092
28/02/2019,Inter_Batch_Imprecision,TQD3,QC3,BCAA_QC3,281,949,983,1057
01/03/2019,Inter_Batch_Imprecision,TQD3,QC3,BCAA_QC3,321,1042,1022,986
02/03/2019,Inter_Batch_Imprecision,TQD3,QC3,BCAA_QC3,293,965,1031,959
03/03/2019,Inter_Batch_Imprecision,TQD3,QC3,BCAA_QC3,326,1024,1006,1055
04/03/2019,Inter_Batch_Imprecision,TQD3,QC3,BCAA_QC3,325,1059,954,1018
05/03/2019,Inter_Batch_Imprecision,TQD3,QC3,BCAA_QC3,292,1013,1013,993
06/03/2019,Inter_Batch_Imprecision,TQD3,QC3,BCAA_QC3,258,994,935,907
07/03/2019,Inter_Batch_Imprecision,TQD3,QC3,BCAA_QC3,356,1106,531,1110
08/03/2019,Inter_Batch_Imprecision,TQD3,QC3,BCAA_QC3,343,976,1013,963
09/03/2019,Inter_Batch_Imprecision,TQD3,QC3,BCAA_QC3,378,1151,1046,1066
10/03/2019,Inter_Batch_Imprecision,TQD3,QC3,BCAA_QC3,302,949,945,948
11/03/2019,Inter_Batch_Imprecision,TQD3,QC3,BCAA_QC3,328,1054,1052,1052
12/03/2019,Inter_Batch_Imprecision,TQD3,QC3,BCAA_QC3,319,1013,968,1001
13/03/2019,Inter_Batch_Imprecision,TQD3,QC3,BCAA_QC3,368,1020,1085,1113
14/03/2019,Inter_Batch_Imprecision,TQD3,QC3,BCAA_QC3,340,1043,984,979
15/03/2019,Inter_Batch_Imprecision,TQD3,QC3,BCAA_QC3,347,1056,1032,1018
16/03/2019,Inter_Batch_Imprecision,TQD3,QC3,BCAA_QC3,333,1048,1091,1077
17/03/2019,Inter_Batch_Imprecision,TQD3,QC3,BCAA_QC3,320,949,941,954
18/03/2019,Inter_Batch_Imprecision,TQD3,QC3,BCAA_QC3,303,1012,944,966
19/03/2019,Inter_Batch_Imprecision,TQD3,QC3,BCAA_QC3,275,927,875,877
20/03/2019,Inter_Batch_Imprecision,TQD3,QC3,BCAA_QC3,267,1000,924,991
21/03/2019,Inter_Batch_Imprecision,TQD3,QC3,BCAA_QC3,329,1097,1004,1026
22/03/2019,Inter_Batch_Imprecision,TQD3,QC3,BCAA_QC3,313,1015,953,933
23/03/2019,Inter_Batch_Imprecision,TQD3,QC3,BCAA_QC3,331,1149,1018,1013
24/03/2019,Inter_Batch_Imprecision,TQD3,QC3,BCAA_QC3,377,1172,1121,1048
25/03/2019,Inter_Batch_Imprecision,TQD3,QC3,BCAA_QC3,298,994,899,986
26/03/2019,Inter_Batch_Imprecision,TQD3,QC3,BCAA_QC3,356,1022,912,983
27/03/2019,Inter_Batch_Imprecision,TQD3,QC3,BCAA_QC3,359,1130,1034,1020
28/03/2019,Inter_Batch_Imprecision,TQD3,QC3,BCAA_QC3,325,1042,1015,982
29/03/2019,Inter_Batch_Imprecision,TQD3,QC3,BCAA_QC3,339,1033,1043,1046
30/03/2019,Inter_Batch_Imprecision,TQD3,QC3,BCAA_QC3,327,1022,999,1052
31/03/2019,Inter_Batch_Imprecision,TQD3,QC3,BCAA_QC3,325,1021,1008,1001
01/04/2019,Inter_Batch_Imprecision,TQD3,QC3,BCAA_QC3,310,1011,941,1117
02/04/2019,Inter_Batch_Imprecision,TQD3,QC3,BCAA_QC3,313,980,1023,986
04/04/2019,Inter_Batch_Imprecision,TQD3,QC3,BCAA_QC3,355,1155,1090,1086
05/04/2019,Inter_Batch_Imprecision,TQD3,QC3,BCAA_QC3,335,1066,1014,1325
06/04/2019,Inter_Batch_Imprecision,TQD3,QC3,BCAA_QC3,341,1120,1081,1277
07/04/2019,Inter_Batch_Imprecision,TQD3,QC3,BCAA_QC3,281,911,924,914
08/04/2019,Inter_Batch_Imprecision,TQD3,QC3,BCAA_QC3,339,1036,1011,1105
09/04/2019,Inter_Batch_Imprecision,TQD3,QC3,BCAA_QC3,296,979,948,955
10/04/2019,Inter_Batch_Imprecision,TQD3,QC3,BCAA_QC3,310,973,934,922
11/04/2019,Inter_Batch_Imprecision,TQD3,QC3,BCAA_QC3,347,1040,1000,1011
12/04/2019,Inter_Batch_Imprecision,TQD3,QC3,BCAA_QC3,329,981,973,979
13/04/2019,Inter_Batch_Imprecision,TQD3,QC3,BCAA_QC3,333,1050,1023,1052
14/04/2019,Inter_Batch_Imprecision,TQD3,QC3,BCAA_QC3,313,974,1001,964
15/04/2019,Inter_Batch_Imprecision,TQD3,QC3,BCAA_QC3,297,944,975,943
16/04/2019,Inter_Batch_Imprecision,TQD3,QC3,BCAA_QC3,287,880,944,834
18/04/2019,Inter_Batch_Imprecision,TQD3,QC3,BCAA_QC3,382,1070,1026,1090
19/04/2019,Inter_Batch_Imprecision,TQD3,QC3,BCAA_QC3,284,915,878,857
20/04/2019,Inter_Batch_Imprecision,TQD3,QC3,BCAA_QC3,357,1075,1110,1149
21/04/2019,Inter_Batch_Imprecision,TQD3,QC3,BCAA_QC3,364,1078,1036,1104
22/04/2019,Inter_Batch_Imprecision,TQD3,QC3,BCAA_QC3,363,1153,1097,1041
23/04/2019,Inter_Batch_Imprecision,TQD3,QC3,BCAA_QC3,317,1035,1023,1102
24/04/2019,Inter_Batch_Imprecision,TQD3,QC3,BCAA_QC3,318,985,1016,1073
25/04/2019,Inter_Batch_Imprecision,TQD3,QC3,BCAA_QC3,292,920,917,973
26/04/2019,Inter_Batch_Imprecision,TQD3,QC3,BCAA_QC3,331,999,977,1059
27/04/2019,Inter_Batch_Imprecision,TQD3,QC3,BCAA_QC3,318,916,929,937
28/04/2019,Inter_Batch_Imprecision,TQD3,QC3,BCAA_QC3,354,1101,1102,1083
29/04/2019,Inter_Batch_Imprecision,TQD3,QC3,BCAA_QC3,334,980,1010,1089
30/04/2019,Inter_Batch_Imprecision,TQD3,QC3,BCAA_QC3,297,968,965,934
01/05/2019,Inter_Batch_Imprecision,TQD3,QC3,BCAA_QC3,294,902,978,929
02/05/2019,Inter_Batch_Imprecision,TQD3,QC3,BCAA_QC3,325,989,992,975
03/05/2019,Inter_Batch_Imprecision,TQD3,QC3,BCAA_QC3,367,1041,1046,1062
04/05/2019,Inter_Batch_Imprecision,TQD3,QC3,BCAA_QC3,331,1045,1003,1036
05/05/2019,Inter_Batch_Imprecision,TQD3,QC3,BCAA_QC3,341,1068,1029,1033
06/05/2019,Inter_Batch_Imprecision,TQD3,QC3,BCAA_QC3,347,1075,1061,1097
07/05/2019,Inter_Batch_Imprecision,TQD3,QC3,BCAA_QC3,365,1080,1078,1107
08/05/2019,Inter_Batch_Imprecision,TQD3,QC3,BCAA_QC3,400,1071,1063,1069
09/05/2019,Inter_Batch_Imprecision,TQD3,QC3,BCAA_QC3,327,1034,990,986
10/05/2019,Inter_Batch_Imprecision,TQD3,QC3,BCAA_QC3,342,1073,1072,934
